firstname,lastname,dateofbirth,dateofembauche,dateofbirthchildren,dateofbirthparent
Packston Genty,Packston,6/18/2022,3/12/2022,8/19/2022,7/21/2022
Jase Fishlock,Jase,10/28/2022,12/28/2022,8/8/2022,8/7/2022
Waylin Hackett,Waylin,10/24/2022,5/2/2022,5/14/2022,9/25/2022
Bee Nicol,Bee,3/24/2022,12/4/2022,3/17/2022,2/6/2022
Judith Rewcastle,Judith,8/13/2022,1/21/2022,7/21/2022,4/15/2022
Ebode,Perla,4/26/2022,7/10/2022,2/10/2022,2/14/2022
Cherri Terbeck,Cherri,8/9/2022,4/28/2022,1/10/2022,1/19/2022
Juditha Mohun,Juditha,7/21/2022,12/7/2022,3/20/2022,1/3/2023
Briano Angelini,Briano,8/11/2022,1/5/2023,9/13/2022,3/3/2022
Bev Cordelle,Bev,6/2/2022,4/25/2022,5/29/2022,9/1/2022
Hewett Gammage,Hewett,6/4/2022,1/16/2022,10/24/2022,2/20/2022
Tricia Tiffney,Tricia,12/24/2022,4/20/2022,5/4/2022,8/17/2022
Latisha Verrechia,Latisha,1/23/2022,7/10/2022,10/11/2022,1/12/2022
Cicely Laboune,Cicely,12/27/2022,10/8/2022,8/25/2022,2/28/2022
Zak Hawker,Zak,1/26/2022,12/19/2022,2/28/2022,6/24/2022
Daron Finicj,Daron,12/26/2022,10/21/2022,12/24/2022,12/17/2022
Shandra Pateman,Shandra,12/14/2022,2/9/2022,6/23/2022,4/12/2022
Sammy Frame,Sammy,11/28/2022,2/4/2022,5/31/2022,12/20/2022
Nathan Fruish,Nathan,2/11/2022,12/23/2022,2/4/2022,9/9/2022
Towney Fitch,Towney,5/9/2022,11/7/2022,8/10/2022,3/30/2022
Tawnya Turgoose,Tawnya,4/27/2022,2/11/2022,8/21/2022,10/28/2022
Risa Shapcote,Risa,11/16/2022,6/27/2022,9/27/2022,12/7/2022
Analiese Moring,Analiese,9/2/2022,8/2/2022,7/6/2022,1/20/2022
Morley McCoughan,Morley,1/11/2022,3/8/2022,5/12/2022,12/22/2022
Ibende,Shaun,3/18/2022,7/6/2022,7/17/2022,2/22/2022
Merline Emeline,Merline,10/17/2022,10/5/2022,4/9/2022,1/24/2022
Devy Guisby,Devy,7/27/2022,2/13/2022,6/15/2022,3/17/2022
Emanuele Shackle,Emanuele,3/23/2022,3/8/2022,7/22/2022,2/3/2022
Chadd Ladds,Chadd,3/26/2022,2/7/2022,4/22/2022,12/20/2022
Kerrill Gerbl,Kerrill,12/24/2022,11/30/2022,3/25/2022,9/14/2022
Xavier,Tamqrah,3/14/2022,3/13/2022,6/24/2022,6/7/2022
Malva Inchley,Malva,6/3/2022,7/25/2022,7/22/2022,4/19/2022
Domenic Kwietak,Domenic,8/5/2022,12/30/2022,1/6/2022,4/26/2022
Gil Ponton,Gil,6/24/2022,7/21/2022,6/19/2022,4/14/2022
Curtice Mabbutt,Curtice,7/23/2022,8/28/2022,10/27/2022,2/10/2022
Rod Buston,Rod,6/16/2022,1/12/2022,12/16/2022,1/14/2022
Alaric Padefield,Alaric,11/4/2022,2/16/2022,8/4/2022,4/16/2022
Hillery Mottinelli,Hillery,8/21/2022,4/5/2022,9/17/2022,2/5/2022
Eugen Barford,Eugen,9/20/2022,1/6/2022,8/29/2022,12/3/2022
Josh Dillinton,Josh,12/22/2022,7/27/2022,7/4/2022,5/5/2022
Hoyt Crottagh,Hoyt,6/15/2022,11/15/2022,4/28/2022,9/27/2022
Addison Savege,Addison,1/20/2022,5/26/2022,3/15/2022,11/7/2022
Pier Boscott,Pier,5/25/2022,6/24/2022,8/12/2022,10/5/2022
Robinson Alkin,Robinson,3/17/2022,9/10/2022,1/3/2023,1/31/2022
Florencia Derye-Barrett,Florencia,6/8/2022,12/3/2022,5/2/2022,3/11/2022
Joaquin Roloff,Joaquin,6/5/2022,12/24/2022,5/4/2022,5/2/2022
Celestine Cobbald,Celestine,9/23/2022,9/17/2022,5/28/2022,2/9/2022
Cordy Strode,Cordy,3/30/2022,12/19/2022,10/5/2022,6/16/2022
Ursala Rhelton,Ursala,8/6/2022,4/14/2022,3/20/2022,12/21/2022
Cissiee Gianni,Cissiee,4/16/2022,7/30/2022,11/28/2022,3/25/2022
Mathian Vincent,Mathian,2/5/2022,8/6/2022,8/27/2022,3/11/2022
Vi Kitcatt,Vi,8/7/2022,5/4/2022,10/16/2022,7/4/2022
Sigmund Hully,Sigmund,12/1/2022,2/19/2022,5/8/2022,4/5/2022
Gwennie Kille,Gwennie,8/6/2022,12/10/2022,2/18/2022,11/15/2022
Tiff Physic,Tiff,4/4/2022,7/30/2022,4/25/2022,10/14/2022
Geralda Lowles,Geralda,2/22/2022,9/6/2022,5/12/2022,12/31/2022
Lonny Uccelli,Lonny,11/28/2022,8/2/2022,6/28/2022,3/19/2022
Aurelie Coopper,Aurelie,11/18/2022,6/18/2022,4/27/2022,4/9/2022
Ailyn Goggan,Ailyn,4/13/2022,10/6/2022,5/5/2022,5/16/2022
Merrill Keaves,Merrill,8/23/2022,12/20/2022,5/2/2022,1/18/2022
Adore Gatherell,Adore,5/27/2022,6/21/2022,5/4/2022,8/8/2022
Lucilia Dunkersley,Lucilia,12/24/2022,1/6/2022,4/22/2022,7/10/2022
Krissie Erasmus,Krissie,12/27/2022,1/25/2022,5/13/2022,1/29/2022
Trix Mitchard,Trix,8/23/2022,11/18/2022,1/31/2022,5/12/2022
Alanna Fretwell,Alanna,1/8/2022,8/24/2022,4/7/2022,3/11/2022
Martynne Dorcey,Martynne,12/15/2022,2/12/2022,5/24/2022,9/7/2022
Dun Troppmann,Dun,1/25/2022,3/7/2022,8/17/2022,7/20/2022
Bail Rontree,Bail,3/10/2022,4/25/2022,6/14/2022,6/1/2022
Cory Dorey,Cory,4/12/2022,12/7/2022,11/17/2022,4/5/2022
Lexis Godsal,Lexis,10/6/2022,7/4/2022,10/16/2022,6/17/2022
Marina Iacomelli,Marina,12/24/2022,1/21/2022,11/1/2022,6/17/2022
Siegfried Kruschev,Siegfried,4/3/2022,9/18/2022,1/7/2022,7/9/2022
Hestia Shervil,Hestia,5/31/2022,2/12/2022,5/17/2022,8/5/2022
Becky Sneezum,Becky,12/13/2022,8/27/2022,12/10/2022,2/18/2022
Rosemary Blazy,Rosemary,9/9/2022,12/27/2022,9/29/2022,2/11/2022
Corbie Eveleigh,Corbie,10/3/2022,1/14/2022,9/19/2022,4/20/2022
Reginauld Fearnyhough,Reginauld,1/9/2022,7/17/2022,7/16/2022,4/29/2022
Brunhilda Pellamont,Brunhilda,4/18/2022,4/4/2022,8/6/2022,1/30/2022
Cecilla Houlston,Cecilla,10/14/2022,4/19/2022,8/14/2022,7/4/2022
Jennilee McCluskey,Jennilee,8/5/2022,1/31/2022,9/28/2022,2/5/2022
Alie Paolinelli,Alie,1/27/2022,5/7/2022,4/29/2022,3/21/2022
Vivie Sugar,Vivie,4/8/2022,4/12/2022,6/12/2022,1/30/2022
Cris Crumbie,Cris,1/30/2022,5/30/2022,5/2/2022,12/5/2022
Vassily Powell,Vassily,5/24/2022,10/1/2022,4/11/2022,11/19/2022
Druci Mouncher,Druci,9/12/2022,11/22/2022,8/25/2022,11/21/2022
Carine Millership,Carine,1/4/2023,10/25/2022,4/11/2022,9/10/2022
Gardner Aymeric,Gardner,10/17/2022,7/6/2022,9/12/2022,2/4/2022
Grant Le Port,Grant,8/15/2022,6/20/2022,2/9/2022,9/23/2022
Pembroke Crease,Pembroke,4/20/2022,6/18/2022,2/16/2022,11/11/2022
Constancy Jordeson,Constancy,11/13/2022,12/15/2022,12/21/2022,6/13/2022
Dermot Brambell,Dermot,7/27/2022,7/4/2022,9/8/2022,3/15/2022
Tristan Brewin,Tristan,3/2/2022,12/20/2022,12/13/2022,5/3/2022
Bridget Kite,Bridget,9/27/2022,9/16/2022,12/30/2022,7/15/2022
Padgett Eliassen,Padgett,3/7/2022,5/29/2022,4/2/2022,5/12/2022
Sarah Chettle,Sarah,9/8/2022,9/7/2022,4/13/2022,2/8/2022
Pearle Trobe,Pearle,4/4/2022,6/30/2022,1/24/2022,9/10/2022
Claudie Lejeune,Claudie,2/2/2022,11/18/2022,1/31/2022,9/11/2022
Bronnie Duckitt,Bronnie,1/7/2022,10/8/2022,11/2/2022,4/15/2022
Lothaire Pirson,Lothaire,9/8/2022,6/14/2022,3/16/2022,5/29/2022
Sybila Benediktsson,Sybila,10/25/2022,5/28/2022,6/21/2022,10/31/2022
Ricki Wilshin,Ricki,6/22/2022,8/27/2022,2/25/2022,10/30/2022
Creigh Laye,Creigh,12/1/2022,8/28/2022,10/27/2022,9/21/2022
Brook O'Haire,Brook,8/28/2022,9/13/2022,8/30/2022,5/28/2022
Frasco Cunniff,Frasco,6/27/2022,11/25/2022,4/17/2022,8/28/2022
Jarvis Hannond,Jarvis,6/24/2022,6/21/2022,1/16/2022,5/24/2022
Nicola Cobbald,Nicola,8/23/2022,1/22/2022,6/17/2022,12/20/2022
Leilah Sommerville,Leilah,12/17/2022,3/23/2022,11/12/2022,10/27/2022
Trstram Brame,Trstram,12/6/2022,6/2/2022,8/6/2022,9/12/2022
Ursula Klee,Ursula,7/26/2022,11/17/2022,12/25/2022,10/22/2022
Sella Malyj,Sella,8/18/2022,9/5/2022,2/28/2022,6/4/2022
Natasha Germaine,Natasha,2/24/2022,10/7/2022,3/17/2022,7/27/2022
Frederique Bernaciak,Frederique,1/11/2022,4/28/2022,10/4/2022,11/13/2022
Krishna Owtram,Krishna,2/14/2022,3/29/2022,10/6/2022,12/20/2022
Liana Test,Liana,9/4/2022,4/13/2022,5/11/2022,6/14/2022
Constantia Simeons,Constantia,7/22/2022,12/23/2022,10/1/2022,6/4/2022
Wayne Lacase,Wayne,6/20/2022,5/21/2022,7/5/2022,10/23/2022
Elden Philpin,Elden,4/27/2022,1/14/2022,1/6/2022,9/7/2022
Auroora Awin,Auroora,8/26/2022,2/28/2022,10/25/2022,10/29/2022
Woodman McLeoid,Woodman,1/17/2022,12/29/2022,9/7/2022,3/25/2022
Bebe Poser,Bebe,4/25/2022,6/7/2022,7/20/2022,9/28/2022
Garfield Hadingham,Garfield,8/16/2022,1/22/2022,8/16/2022,7/26/2022
Taylor Vosse,Taylor,2/21/2022,6/28/2022,6/16/2022,10/12/2022
Minette Somerbell,Minette,8/8/2022,9/6/2022,1/8/2022,3/22/2022
Ezechiel Linfoot,Ezechiel,3/16/2022,3/3/2022,4/21/2022,11/22/2022
Lee Milan,Lee,4/24/2022,3/4/2022,4/18/2022,8/6/2022
Rosaleen Dee,Rosaleen,9/21/2022,9/12/2022,7/28/2022,1/4/2023
Maighdiln Bidgood,Maighdiln,3/6/2022,2/25/2022,11/5/2022,8/19/2022
Salim Emmer,Salim,2/15/2022,9/26/2022,8/27/2022,1/9/2022
Jazmin Chomicz,Jazmin,6/23/2022,6/25/2022,10/15/2022,9/27/2022
Lindon Cappel,Lindon,4/9/2022,10/12/2022,4/16/2022,9/2/2022
Enriqueta Aery,Enriqueta,3/5/2022,5/30/2022,4/28/2022,9/14/2022
Aylmar Ryde,Aylmar,12/19/2022,6/26/2022,4/19/2022,9/28/2022
Zandra Brunotti,Zandra,12/9/2022,7/19/2022,10/27/2022,12/8/2022
Alleen Attryde,Alleen,12/19/2022,3/29/2022,12/3/2022,2/17/2022
Malissa Lorryman,Malissa,5/30/2022,2/15/2022,4/22/2022,11/3/2022
Lind Kelway,Lind,4/28/2022,7/31/2022,12/26/2022,12/27/2022
Dew Swinford,Dew,10/24/2022,2/21/2022,9/24/2022,1/30/2022
Juieta Heritege,Juieta,3/11/2022,10/26/2022,3/25/2022,4/14/2022
Burtie Shoorbrooke,Burtie,3/12/2022,5/12/2022,7/24/2022,6/10/2022
Lesley Gabbitas,Lesley,10/24/2022,7/31/2022,12/5/2022,4/28/2022
Diarmid Kann,Diarmid,5/27/2022,9/29/2022,3/16/2022,2/3/2022
Caitlin Mangham,Caitlin,10/2/2022,12/17/2022,12/28/2022,11/29/2022
Mitchell Beldum,Mitchell,2/7/2022,5/30/2022,1/22/2022,1/28/2022
Alexandro Holdey,Alexandro,6/3/2022,1/2/2023,1/26/2022,3/29/2022
Maxine Puve,Maxine,6/17/2022,5/28/2022,5/2/2022,9/28/2022
Marybeth Starkie,Marybeth,10/25/2022,4/1/2022,9/25/2022,4/3/2022
Ruperta Vernalls,Ruperta,5/18/2022,5/10/2022,5/23/2022,7/31/2022
Esra Parkeson,Esra,6/16/2022,11/1/2022,10/14/2022,9/21/2022
Ronny Robjohns,Ronny,12/5/2022,7/2/2022,4/20/2022,9/28/2022
Barbra Gentreau,Barbra,7/2/2022,12/16/2022,5/26/2022,5/30/2022
Ephrem Frantzen,Ephrem,3/25/2022,10/11/2022,3/31/2022,5/20/2022
Leandra Gumley,Leandra,3/9/2022,8/31/2022,11/25/2022,2/10/2022
Elene Denis,Elene,3/4/2022,10/25/2022,10/30/2022,3/10/2022
Rey Leitch,Rey,11/13/2022,4/11/2022,11/8/2022,8/15/2022
Nadia Tivnan,Nadia,12/8/2022,9/19/2022,11/13/2022,11/12/2022
Grata Sewley,Grata,8/6/2022,7/22/2022,1/29/2022,10/3/2022
Kassia Sandle,Kassia,9/17/2022,6/15/2022,5/23/2022,10/21/2022
Farrel Rowcastle,Farrel,11/28/2022,10/12/2022,8/13/2022,9/16/2022
Virgil Abbys,Virgil,11/26/2022,3/23/2022,11/6/2022,6/24/2022
Stacey Jouannot,Stacey,3/21/2022,12/18/2022,1/31/2022,4/16/2022
Shoshanna McVitie,Shoshanna,5/14/2022,1/12/2022,4/19/2022,6/29/2022
Querida Silverthorn,Querida,9/17/2022,12/21/2022,1/22/2022,1/17/2022
Xymenes Kliement,Xymenes,9/16/2022,4/5/2022,8/5/2022,6/2/2022
Jasun Molloy,Jasun,11/3/2022,1/8/2022,7/3/2022,8/17/2022
Claudie Nisbith,Claudie,3/8/2022,12/17/2022,4/14/2022,10/28/2022
Waylin Perview,Waylin,5/24/2022,10/22/2022,6/12/2022,1/4/2023
Edouard Rylands,Edouard,7/21/2022,7/16/2022,5/18/2022,6/22/2022
Maire Woodruffe,Maire,4/26/2022,1/26/2022,8/22/2022,8/4/2022
Susan Paylor,Susan,9/26/2022,1/24/2022,1/15/2022,11/18/2022
Samuel Artist,Samuel,11/13/2022,4/16/2022,10/14/2022,10/25/2022
Staci Longstaffe,Staci,10/5/2022,1/15/2022,2/9/2022,8/23/2022
Colet Sparling,Colet,5/27/2022,11/24/2022,9/6/2022,12/11/2022
Annie Greiswood,Annie,5/14/2022,10/21/2022,12/23/2022,3/27/2022
Constancy Spadazzi,Constancy,3/27/2022,10/20/2022,8/1/2022,9/8/2022
Elnora MacGowing,Elnora,3/7/2022,2/21/2022,12/19/2022,2/11/2022
Gerrard Merigot,Gerrard,10/1/2022,4/13/2022,5/29/2022,10/25/2022
Miquela McGloin,Miquela,5/21/2022,5/9/2022,12/12/2022,1/16/2022
Jesselyn Scarisbrick,Jesselyn,4/11/2022,6/25/2022,11/8/2022,5/15/2022
Sunny Tringham,Sunny,4/7/2022,9/9/2022,4/22/2022,9/11/2022
Evelyn Haucke,Evelyn,10/10/2022,7/1/2022,7/20/2022,10/6/2022
Paul Scoates,Paul,6/26/2022,1/17/2022,3/15/2022,10/14/2022
Rosene Bengoechea,Rosene,6/14/2022,1/19/2022,8/17/2022,11/5/2022
Yehudi Bohey,Yehudi,6/25/2022,3/18/2022,12/2/2022,9/18/2022
Tyrus Braidley,Tyrus,12/9/2022,3/11/2022,8/1/2022,12/31/2022
Armstrong Roydon,Armstrong,10/9/2022,7/13/2022,9/1/2022,9/26/2022
Gael Heninghem,Gael,9/18/2022,3/20/2022,2/22/2022,10/9/2022
Else Baybutt,Else,9/25/2022,11/28/2022,8/11/2022,10/10/2022
Wyatt Rishbrook,Wyatt,12/20/2022,4/18/2022,11/16/2022,2/25/2022
Dix Ianinotti,Dix,5/19/2022,10/24/2022,7/19/2022,7/25/2022
Hersch Brotheridge,Hersch,9/10/2022,10/5/2022,12/3/2022,7/24/2022
Kayla Westmore,Kayla,6/10/2022,7/3/2022,10/30/2022,8/9/2022
Alick Busson,Alick,9/22/2022,9/26/2022,5/27/2022,8/18/2022
Genna Portman,Genna,9/15/2022,4/20/2022,12/15/2022,5/2/2022
Elisabetta Millimoe,Elisabetta,4/19/2022,11/10/2022,7/10/2022,1/13/2022
Kiah Toquet,Kiah,1/17/2022,11/19/2022,9/10/2022,12/10/2022
Novelia Meys,Novelia,9/29/2022,10/21/2022,7/26/2022,6/30/2022
Rabi Boncore,Rabi,7/17/2022,6/4/2022,6/9/2022,10/11/2022
Sinclare Comport,Sinclare,10/17/2022,8/4/2022,8/29/2022,1/11/2022
Moyra Tousy,Moyra,2/16/2022,12/26/2022,4/27/2022,12/31/2022
Jobye Wealthall,Jobye,12/8/2022,1/1/2023,12/29/2022,5/23/2022
Tod Bodocs,Tod,4/1/2022,10/27/2022,5/7/2022,2/2/2022
Randee Edgson,Randee,1/2/2023,3/27/2022,4/27/2022,1/31/2022
Emmalyn Ayce,Emmalyn,4/3/2022,11/3/2022,2/2/2022,9/22/2022
Diego Bernardoux,Diego,6/5/2022,9/29/2022,2/17/2022,5/12/2022
Charlton Anstis,Charlton,8/1/2022,8/5/2022,5/17/2022,12/21/2022
Edgar Wilprecht,Edgar,11/3/2022,7/21/2022,6/12/2022,10/13/2022
Kelsey Houchin,Kelsey,4/25/2022,7/18/2022,1/25/2022,3/29/2022
Michel Ridings,Michel,12/21/2022,2/4/2022,12/13/2022,1/4/2023
Dodi Jauncey,Dodi,6/8/2022,1/28/2022,3/2/2022,11/7/2022
Raquela Splevin,Raquela,4/19/2022,3/12/2022,12/23/2022,11/24/2022
Karylin Trippack,Karylin,3/24/2022,10/12/2022,5/21/2022,7/29/2022
Diane Cardow,Diane,7/28/2022,3/14/2022,1/20/2022,8/29/2022
Roselia Feather,Roselia,8/24/2022,1/12/2022,8/27/2022,7/16/2022
Willyt Kynan,Willyt,7/10/2022,12/5/2022,8/19/2022,11/26/2022
Shermie Tomkies,Shermie,5/16/2022,1/18/2022,10/25/2022,3/23/2022
Karalynn Eustes,Karalynn,5/12/2022,7/30/2022,12/13/2022,4/27/2022
Adelaide Scurrell,Adelaide,8/29/2022,12/22/2022,2/24/2022,12/14/2022
Richy Parchment,Richy,12/11/2022,1/20/2022,3/22/2022,5/5/2022
Brinn Carnduff,Brinn,11/14/2022,11/22/2022,4/11/2022,8/1/2022
Gael Londesborough,Gael,4/15/2022,10/5/2022,3/2/2022,11/29/2022
Ingrim Joire,Ingrim,5/13/2022,7/9/2022,12/20/2022,12/10/2022
Frederich Wragge,Frederich,8/18/2022,1/8/2022,2/8/2022,1/3/2023
Barnaby Demschke,Barnaby,4/21/2022,4/4/2022,2/5/2022,9/16/2022
Philip Hugenin,Philip,6/2/2022,2/12/2022,10/3/2022,11/22/2022
Wain De Michele,Wain,10/5/2022,10/13/2022,12/27/2022,2/25/2022
Franzen Durden,Franzen,7/21/2022,5/15/2022,5/16/2022,9/21/2022
Wilden Lansdale,Wilden,7/19/2022,1/19/2022,2/23/2022,5/9/2022
Roderick Richardot,Roderick,5/18/2022,4/25/2022,11/18/2022,7/15/2022
Elvina Edsell,Elvina,4/3/2022,6/11/2022,8/8/2022,9/24/2022
Jory Risen,Jory,8/28/2022,4/5/2022,11/8/2022,6/3/2022
Olenolin Boynes,Olenolin,9/17/2022,11/5/2022,7/29/2022,9/22/2022
Ketty Robecon,Ketty,3/14/2022,12/12/2022,12/29/2022,10/8/2022
Michale Goullee,Michale,8/17/2022,9/8/2022,2/10/2022,8/18/2022
Ravi Boosey,Ravi,5/21/2022,11/30/2022,8/23/2022,10/4/2022
Fifine Bryett,Fifine,4/15/2022,6/25/2022,11/24/2022,6/29/2022
Catie Van der Velde,Catie,6/29/2022,9/16/2022,3/2/2022,8/3/2022
Ramon Matysik,Ramon,4/13/2022,12/26/2022,10/25/2022,3/28/2022
Kore Scuse,Kore,12/6/2022,4/30/2022,12/26/2022,9/26/2022
Zedekiah Backman,Zedekiah,7/29/2022,11/21/2022,3/3/2022,1/23/2022
Jocelyne Bodega,Jocelyne,1/1/2023,11/12/2022,10/22/2022,8/26/2022
Colleen Duxbury,Colleen,10/28/2022,8/31/2022,1/25/2022,12/12/2022
Clayton Haysey,Clayton,9/2/2022,10/7/2022,8/9/2022,5/31/2022
Jody Godar,Jody,7/8/2022,10/19/2022,3/17/2022,4/2/2022
Tory Walls,Tory,8/8/2022,11/3/2022,3/8/2022,9/28/2022
Brennan Kordas,Brennan,1/30/2022,9/10/2022,7/13/2022,3/9/2022
Jerome Corbett,Jerome,9/17/2022,10/8/2022,6/23/2022,11/23/2022
Florina Craufurd,Florina,5/5/2022,11/6/2022,8/31/2022,7/1/2022
Maridel Weedon,Maridel,2/2/2022,5/8/2022,8/19/2022,4/24/2022
Lincoln Philbrick,Lincoln,8/19/2022,3/12/2022,11/20/2022,10/17/2022
Maddie Swepstone,Maddie,2/25/2022,11/2/2022,12/22/2022,2/22/2022
Winifred Collingworth,Winifred,4/1/2022,1/27/2022,10/13/2022,11/11/2022
Leslie Wilne,Leslie,9/26/2022,8/11/2022,3/2/2022,3/17/2022
Jemmy Clendening,Jemmy,7/17/2022,9/9/2022,9/6/2022,3/29/2022
Kristal Eye,Kristal,1/2/2023,3/25/2022,5/19/2022,7/2/2022
Zerk Babber,Zerk,3/8/2022,7/3/2022,10/15/2022,8/27/2022
Jammie Colrein,Jammie,3/25/2022,7/4/2022,7/18/2022,5/22/2022
Mirella Jelliman,Mirella,3/24/2022,11/1/2022,9/3/2022,5/25/2022
Tybie Stivani,Tybie,11/19/2022,9/2/2022,8/5/2022,10/18/2022
Drusilla Reijmers,Drusilla,2/26/2022,3/20/2022,1/11/2022,5/29/2022
Archambault Gilby,Archambault,12/19/2022,10/15/2022,3/10/2022,8/4/2022
Pansy Cosgry,Pansy,8/27/2022,3/13/2022,1/31/2022,2/22/2022
Aridatha Alen,Aridatha,12/19/2022,10/23/2022,1/17/2022,4/20/2022
Reena Biasetti,Reena,1/19/2022,9/5/2022,10/23/2022,5/14/2022
Valenka Barles,Valenka,6/10/2022,4/4/2022,12/8/2022,5/7/2022
Jeni Teodoro,Jeni,6/24/2022,6/5/2022,11/29/2022,9/23/2022
Jerrylee Cloughton,Jerrylee,8/23/2022,1/23/2022,12/30/2022,5/19/2022
Scott Points,Scott,6/12/2022,10/5/2022,5/4/2022,2/17/2022
Cammie Tackell,Cammie,9/7/2022,11/27/2022,3/17/2022,1/16/2022
Krystalle Fenty,Krystalle,5/21/2022,5/23/2022,1/23/2022,11/2/2022
Rafaelita Brewin,Rafaelita,11/30/2022,7/29/2022,3/28/2022,3/10/2022
Gal Aasaf,Gal,2/21/2022,3/3/2022,9/24/2022,3/10/2022
Vivie Danforth,Vivie,11/7/2022,10/4/2022,3/21/2022,7/22/2022
Luisa McQuarter,Luisa,4/23/2022,9/21/2022,6/18/2022,12/16/2022
Mason Gerasch,Mason,7/13/2022,8/9/2022,2/13/2022,4/1/2022
Reggie Stonman,Reggie,2/6/2022,5/28/2022,5/22/2022,2/5/2022
Ingmar Darkin,Ingmar,10/19/2022,2/5/2022,5/25/2022,10/6/2022
Kacey Pilkington,Kacey,1/30/2022,2/1/2022,7/17/2022,7/7/2022
Laure Moreton,Laure,10/19/2022,10/6/2022,11/16/2022,4/7/2022
Haily Startin,Haily,1/7/2022,12/25/2022,1/24/2022,1/23/2022
Shurlocke Ryson,Shurlocke,12/30/2022,8/20/2022,8/4/2022,4/16/2022
Bryon Attkins,Bryon,3/2/2022,5/23/2022,7/8/2022,8/16/2022
Hilliard Nizard,Hilliard,1/8/2022,12/23/2022,12/4/2022,6/3/2022
Chance Philippault,Chance,10/20/2022,2/13/2022,8/10/2022,12/5/2022
Ana McGonigal,Ana,9/22/2022,7/3/2022,4/13/2022,7/4/2022
Malvin O'Scanlon,Malvin,9/25/2022,4/2/2022,11/8/2022,1/21/2022
Heriberto Stone,Heriberto,2/17/2022,7/25/2022,8/6/2022,10/22/2022
Myra Wahner,Myra,2/18/2022,9/16/2022,7/12/2022,3/25/2022
Burty Pennetta,Burty,4/1/2022,11/27/2022,7/26/2022,10/30/2022
Jermaine MacKenzie,Jermaine,10/12/2022,4/6/2022,3/30/2022,12/10/2022
Hortensia Loney,Hortensia,11/17/2022,4/20/2022,12/11/2022,1/17/2022
Blithe Aucock,Blithe,12/20/2022,7/19/2022,6/5/2022,12/28/2022
Todd Marquand,Todd,8/16/2022,11/27/2022,1/26/2022,8/4/2022
Jackson Corser,Jackson,4/4/2022,7/7/2022,1/4/2023,8/1/2022
Murry Trimble,Murry,5/6/2022,7/6/2022,9/16/2022,3/12/2022
Kriste Farndon,Kriste,1/20/2022,7/25/2022,2/13/2022,8/25/2022
Delmore Gage,Delmore,2/16/2022,1/2/2023,6/15/2022,12/2/2022
Padraic Gonsalvez,Padraic,8/26/2022,5/24/2022,6/13/2022,11/28/2022
Ewart Phaup,Ewart,3/31/2022,11/22/2022,10/17/2022,5/15/2022
Bernie Ketcher,Bernie,5/9/2022,8/3/2022,7/27/2022,5/12/2022
Cordy Deniske,Cordy,4/28/2022,11/7/2022,10/11/2022,6/29/2022
Blanche Tabb,Blanche,8/11/2022,5/20/2022,10/21/2022,11/20/2022
Tammie Fessier,Tammie,5/12/2022,1/20/2022,7/22/2022,11/13/2022
Cahra Follitt,Cahra,4/12/2022,12/8/2022,8/2/2022,1/15/2022
Denyse Cicero,Denyse,12/21/2022,1/22/2022,8/28/2022,10/12/2022
Mil Sawer,Mil,8/6/2022,3/12/2022,6/22/2022,4/10/2022
Teodoor Malkie,Teodoor,4/21/2022,9/17/2022,1/29/2022,10/12/2022
Cindelyn Llop,Cindelyn,11/30/2022,4/7/2022,12/18/2022,10/25/2022
Isidora Brant,Isidora,2/10/2022,12/17/2022,7/26/2022,2/21/2022
Stephana Hurt,Stephana,7/25/2022,5/10/2022,3/9/2022,11/30/2022
Cleavland Ghidelli,Cleavland,3/20/2022,8/22/2022,1/2/2023,3/8/2022
Wang Bloggett,Wang,1/17/2022,2/28/2022,6/25/2022,5/27/2022
Davey Kearton,Davey,3/26/2022,6/22/2022,7/3/2022,1/13/2022
Julienne Simmank,Julienne,11/5/2022,11/10/2022,9/2/2022,7/27/2022
Dame Amburgy,Dame,9/21/2022,9/6/2022,3/29/2022,3/12/2022
Margarete Sponer,Margarete,2/7/2022,9/12/2022,4/10/2022,12/28/2022
Ashby Coarser,Ashby,12/19/2022,2/16/2022,2/18/2022,2/26/2022
Constantina Bothie,Constantina,4/29/2022,6/12/2022,11/14/2022,11/8/2022
Marcella O' Liddy,Marcella,5/19/2022,2/1/2022,9/16/2022,9/25/2022
Tamra Blowen,Tamra,5/23/2022,2/9/2022,3/15/2022,10/25/2022
Marlane Dannett,Marlane,8/31/2022,4/26/2022,8/20/2022,10/31/2022
Terrance Bedboro,Terrance,4/6/2022,5/7/2022,7/15/2022,10/27/2022
Ephraim Castelli,Ephraim,12/9/2022,3/12/2022,5/31/2022,4/23/2022
Starlin Fitch,Starlin,3/27/2022,8/2/2022,9/14/2022,5/30/2022
Fara Domel,Fara,11/22/2022,9/12/2022,6/11/2022,8/25/2022
Sigmund Eschalette,Sigmund,5/25/2022,5/6/2022,4/16/2022,9/4/2022
Dwayne Izaac,Dwayne,9/8/2022,8/16/2022,7/7/2022,9/1/2022
Damien Garnson,Damien,12/25/2022,4/30/2022,5/4/2022,1/30/2022
Jamey Tully,Jamey,11/7/2022,6/28/2022,2/28/2022,9/7/2022
Aleda Vail,Aleda,6/21/2022,9/1/2022,10/30/2022,12/27/2022
Jabez Lerohan,Jabez,9/3/2022,7/2/2022,11/15/2022,3/30/2022
Allyce Cotter,Allyce,6/29/2022,9/4/2022,11/18/2022,4/20/2022
Weylin Bruckenthal,Weylin,7/5/2022,3/1/2022,6/18/2022,1/9/2022
Therese Webb,Therese,1/16/2022,8/24/2022,3/30/2022,6/11/2022
Dredi Comben,Dredi,7/2/2022,5/24/2022,11/27/2022,11/12/2022
Clareta MacColl,Clareta,1/5/2023,1/18/2022,9/15/2022,8/6/2022
Salvatore Maffey,Salvatore,11/21/2022,8/9/2022,2/22/2022,2/2/2022
Nita Hamsson,Nita,6/30/2022,10/28/2022,10/19/2022,6/17/2022
Sashenka Swiggs,Sashenka,10/11/2022,2/1/2022,7/10/2022,11/21/2022
Filbert Zanutti,Filbert,9/26/2022,4/13/2022,9/15/2022,9/22/2022
Scarface Lyver,Scarface,9/9/2022,8/17/2022,9/9/2022,4/1/2022
Norbie Adamthwaite,Norbie,10/16/2022,2/4/2022,4/19/2022,5/5/2022
Steffane Halms,Steffane,9/30/2022,6/3/2022,10/24/2022,4/26/2022
Carleton Carluccio,Carleton,1/2/2023,6/21/2022,9/27/2022,8/5/2022
Ali Tireman,Ali,8/19/2022,9/19/2022,5/14/2022,6/5/2022
Waylen Dresche,Waylen,12/19/2022,4/18/2022,9/18/2022,4/20/2022
Kalinda Tuff,Kalinda,3/7/2022,2/16/2022,8/27/2022,10/12/2022
Linn Jukubczak,Linn,12/26/2022,2/6/2022,8/31/2022,3/11/2022
Karoly Ritter,Karoly,11/14/2022,3/26/2022,4/20/2022,8/23/2022
Shae Hazelgrove,Shae,10/29/2022,3/23/2022,3/4/2022,9/24/2022
Arline Gotthard,Arline,7/9/2022,8/15/2022,3/20/2022,10/13/2022
Jule Bravery,Jule,10/24/2022,1/30/2022,4/9/2022,10/3/2022
Coral Thorne,Coral,11/13/2022,1/15/2022,7/17/2022,12/28/2022
Wilburt Crawford,Wilburt,6/2/2022,7/28/2022,1/16/2022,7/2/2022
Mitchell Lucas,Mitchell,1/18/2022,2/3/2022,10/26/2022,10/12/2022
Irene Peaseman,Irene,3/14/2022,7/23/2022,2/16/2022,7/22/2022
Romain Bartaletti,Romain,8/7/2022,3/9/2022,11/2/2022,12/21/2022
Nicko Lionel,Nicko,10/28/2022,12/7/2022,2/8/2022,8/28/2022
Quent Woodall,Quent,2/21/2022,9/3/2022,3/8/2022,1/21/2022
Tine Grafton,Tine,3/21/2022,6/25/2022,8/10/2022,10/2/2022
Carlynn Pohlke,Carlynn,2/16/2022,11/7/2022,1/7/2022,4/29/2022
Morty Legat,Morty,3/1/2022,10/28/2022,2/14/2022,3/28/2022
Nichols Rraundl,Nichols,9/7/2022,4/20/2022,2/17/2022,1/19/2022
Zsa zsa Pelcheur,Zsa zsa,7/31/2022,10/28/2022,1/14/2022,2/11/2022
Steward Crehan,Steward,8/11/2022,7/23/2022,4/6/2022,6/30/2022
Saba Rawstorn,Saba,7/8/2022,7/6/2022,10/7/2022,9/13/2022
Greer Curner,Greer,10/21/2022,1/25/2022,3/4/2022,1/23/2022
Gregorio Brigstock,Gregorio,10/26/2022,9/1/2022,11/28/2022,10/11/2022
Aurelia Dahler,Aurelia,11/16/2022,12/13/2022,2/3/2022,5/9/2022
Morganne Srawley,Morganne,12/15/2022,2/4/2022,5/19/2022,9/22/2022
Putnem Yardy,Putnem,8/25/2022,4/14/2022,6/14/2022,3/20/2022
Marion Pitkethly,Marion,2/22/2022,3/10/2022,4/2/2022,2/25/2022
Maggee Hearson,Maggee,2/4/2022,1/7/2022,4/4/2022,10/19/2022
Delmer Muldoon,Delmer,1/18/2022,11/2/2022,1/10/2022,8/11/2022
Zarah Jurgensen,Zarah,9/19/2022,9/30/2022,2/28/2022,9/4/2022
Terry Tebald,Terry,10/15/2022,7/14/2022,4/26/2022,7/22/2022
Selma Popland,Selma,10/31/2022,3/8/2022,11/5/2022,6/17/2022
Sven Scarff,Sven,2/1/2022,7/11/2022,6/3/2022,5/22/2022
Vachel Langlais,Vachel,5/1/2022,9/12/2022,6/15/2022,1/30/2022
Joanie Maier,Joanie,11/21/2022,8/16/2022,11/11/2022,2/6/2022
Myrtle Lamprey,Myrtle,5/13/2022,9/12/2022,3/10/2022,12/16/2022
Zonnya Bradburn,Zonnya,11/14/2022,11/3/2022,7/8/2022,9/9/2022
Libby Muirden,Libby,2/1/2022,8/31/2022,9/20/2022,1/10/2022
Cristine Muffett,Cristine,3/30/2022,1/30/2022,2/5/2022,7/20/2022
Lita Brozsset,Lita,5/16/2022,11/21/2022,9/26/2022,8/28/2022
Sheryl Oakley,Sheryl,7/3/2022,3/27/2022,1/16/2022,2/12/2022
Mackenzie Ronan,Mackenzie,6/6/2022,9/23/2022,12/18/2022,1/9/2022
Justinn Wimpey,Justinn,12/26/2022,12/8/2022,4/15/2022,2/11/2022
Reine Niave,Reine,10/17/2022,11/19/2022,6/27/2022,12/12/2022
Hilliary Sterrick,Hilliary,7/15/2022,4/23/2022,6/25/2022,5/5/2022
Mic Robiot,Mic,3/28/2022,5/4/2022,3/13/2022,7/25/2022
Leonid Kull,Leonid,1/13/2022,2/11/2022,6/21/2022,7/16/2022
Kyle Spiller,Kyle,4/22/2022,3/4/2022,8/25/2022,12/25/2022
Tamarra Pilgram,Tamarra,4/27/2022,6/15/2022,7/15/2022,7/6/2022
Hildy Hapgood,Hildy,3/8/2022,12/15/2022,1/29/2022,8/12/2022
Lemmie Lawling,Lemmie,12/25/2022,7/11/2022,6/13/2022,11/17/2022
Chrissie Lamball,Chrissie,5/21/2022,1/18/2022,5/31/2022,1/15/2022
Camel Vanyushin,Camel,10/16/2022,1/1/2023,5/16/2022,9/29/2022
Corny Whaites,Corny,2/22/2022,1/3/2023,6/9/2022,8/14/2022
Raddy Chudleigh,Raddy,2/15/2022,11/30/2022,3/7/2022,1/25/2022
Raimondo Fassbender,Raimondo,12/21/2022,5/27/2022,1/22/2022,12/5/2022
Denise Beyn,Denise,2/8/2022,6/21/2022,1/8/2022,10/6/2022
Pru Hamm,Pru,6/27/2022,2/18/2022,8/9/2022,11/24/2022
Clevey Hildrew,Clevey,6/30/2022,7/22/2022,8/25/2022,5/6/2022
Sonnnie Whitloe,Sonnnie,2/7/2022,4/21/2022,3/1/2022,3/16/2022
Eadith Simnell,Eadith,9/29/2022,12/30/2022,9/1/2022,7/30/2022
Wood Meneghi,Wood,7/22/2022,12/4/2022,3/8/2022,3/11/2022
Michelle Foulks,Michelle,9/27/2022,7/27/2022,6/28/2022,6/24/2022
Randa Sawdon,Randa,3/29/2022,4/9/2022,7/29/2022,9/12/2022
Carolynn Hearne,Carolynn,4/22/2022,12/23/2022,10/4/2022,12/9/2022
Ninnetta Pietersma,Ninnetta,4/20/2022,12/11/2022,12/5/2022,10/28/2022
Romy Gaul,Romy,7/5/2022,12/29/2022,7/21/2022,11/15/2022
Fredi Kenaway,Fredi,2/1/2022,10/19/2022,5/19/2022,12/17/2022
Trixy Counter,Trixy,9/5/2022,1/24/2022,5/7/2022,9/30/2022
Linc Lohrensen,Linc,4/17/2022,3/6/2022,11/2/2022,12/28/2022
Gretchen Berthouloume,Gretchen,10/18/2022,6/28/2022,1/4/2023,9/3/2022
Simeon Tagg,Simeon,2/9/2022,4/21/2022,3/7/2022,6/19/2022
Bernard Ruttgers,Bernard,7/3/2022,6/20/2022,6/24/2022,12/2/2022
Celestina MacGillivrie,Celestina,6/8/2022,9/20/2022,5/9/2022,2/27/2022
Anetta Cleatherow,Anetta,10/23/2022,6/4/2022,11/17/2022,3/16/2022
Cristobal Eddleston,Cristobal,10/1/2022,7/9/2022,7/19/2022,8/30/2022
Markus Deere,Markus,10/31/2022,1/22/2022,7/19/2022,10/4/2022
Cecelia Gallagher,Cecelia,5/4/2022,1/19/2022,7/23/2022,11/20/2022
Sonnnie Stranks,Sonnnie,9/2/2022,12/21/2022,1/7/2022,1/8/2022
Barbara Perry,Barbara,2/5/2022,2/5/2022,6/6/2022,3/27/2022
Jeffy Congreave,Jeffy,11/22/2022,1/24/2022,7/1/2022,12/28/2022
Kort Rampage,Kort,10/20/2022,1/23/2022,11/18/2022,10/7/2022
Dorella Stockbridge,Dorella,11/10/2022,4/14/2022,4/24/2022,2/27/2022
Lela Diggens,Lela,6/11/2022,11/20/2022,5/5/2022,9/21/2022
Ariana Armell,Ariana,12/31/2022,6/10/2022,5/28/2022,9/25/2022
Augustin Rickardsson,Augustin,2/7/2022,5/16/2022,4/12/2022,4/27/2022
Holly Sharpin,Holly,5/27/2022,7/5/2022,10/13/2022,12/6/2022
Roddie Tather,Roddie,3/19/2022,7/20/2022,11/6/2022,11/15/2022
Adams Bishop,Adams,10/23/2022,4/1/2022,2/14/2022,10/11/2022
Trent Osgerby,Trent,10/20/2022,8/22/2022,4/20/2022,12/13/2022
Maddi Barbier,Maddi,1/16/2022,9/14/2022,8/18/2022,10/3/2022
Marjie Whisson,Marjie,2/22/2022,8/24/2022,9/21/2022,6/24/2022
Sanders Pembry,Sanders,6/15/2022,4/23/2022,7/1/2022,5/23/2022
Orv Josefsen,Orv,1/3/2023,10/13/2022,5/6/2022,12/22/2022
Angy Ambrozewicz,Angy,8/2/2022,3/16/2022,3/19/2022,7/30/2022
Garey Lehon,Garey,1/1/2023,10/21/2022,5/26/2022,12/1/2022
Romeo Baythrop,Romeo,11/24/2022,10/22/2022,6/17/2022,11/1/2022
Ewell Gasnell,Ewell,6/21/2022,8/31/2022,9/15/2022,4/19/2022
Nicolle Clerk,Nicolle,9/7/2022,9/22/2022,6/10/2022,10/19/2022
Jackson Moors,Jackson,4/2/2022,5/17/2022,5/20/2022,12/25/2022
Georgie Lescop,Georgie,3/3/2022,9/14/2022,5/17/2022,5/15/2022
Phillipe Daveran,Phillipe,10/12/2022,4/16/2022,11/8/2022,3/7/2022
Sile Samweyes,Sile,10/11/2022,8/5/2022,11/10/2022,12/11/2022
Reena O'Suaird,Reena,8/29/2022,8/15/2022,3/7/2022,2/12/2022
Rochell Crock,Rochell,1/14/2022,9/14/2022,5/27/2022,9/4/2022
Alex Speck,Alex,12/12/2022,12/6/2022,4/13/2022,11/17/2022
Drud Songer,Drud,4/3/2022,6/25/2022,8/28/2022,3/31/2022
Walt Orthmann,Walt,8/22/2022,1/4/2023,8/15/2022,6/28/2022
Davide Neale,Davide,12/19/2022,5/6/2022,8/14/2022,7/7/2022
Cornell Fulton,Cornell,11/13/2022,8/6/2022,1/23/2022,10/7/2022
Deborah Beevens,Deborah,4/23/2022,4/30/2022,5/31/2022,5/19/2022
Laurent Garard,Laurent,6/24/2022,1/16/2022,1/16/2022,1/19/2022
Winni Freeborne,Winni,11/8/2022,2/7/2022,12/16/2022,3/17/2022
Rhea Bader,Rhea,7/17/2022,11/29/2022,3/8/2022,7/14/2022
Duky Philler,Duky,5/1/2022,7/29/2022,2/16/2022,6/6/2022
Ulrich Ullrich,Ulrich,6/10/2022,2/15/2022,6/18/2022,11/8/2022
Deena Courtes,Deena,2/13/2022,8/11/2022,1/21/2022,6/3/2022
Shurlock MacLeod,Shurlock,1/16/2022,4/13/2022,7/12/2022,7/6/2022
Stephen Craske,Stephen,8/21/2022,5/11/2022,2/1/2022,2/8/2022
Kalle Holston,Kalle,12/17/2022,2/12/2022,6/3/2022,2/20/2022
Carlos Natt,Carlos,8/21/2022,1/31/2022,6/9/2022,6/19/2022
Ricca Butchard,Ricca,11/15/2022,11/28/2022,2/18/2022,9/24/2022
Bonny Pering,Bonny,7/19/2022,8/30/2022,3/4/2022,12/22/2022
Arlyn Skerritt,Arlyn,5/16/2022,11/5/2022,1/19/2022,6/10/2022
Hailey Andreou,Hailey,12/7/2022,8/24/2022,2/17/2022,5/22/2022
Jodie Warlow,Jodie,8/2/2022,6/6/2022,1/11/2022,2/7/2022
Renate Dickin,Renate,7/11/2022,4/2/2022,7/29/2022,5/8/2022
Adrian De Goey,Adrian,6/29/2022,9/26/2022,9/26/2022,9/22/2022
Olenka Burrows,Olenka,7/25/2022,2/10/2022,3/21/2022,4/6/2022
Hope Cristoforo,Hope,10/20/2022,9/30/2022,7/6/2022,10/16/2022
Sigismond Lodewick,Sigismond,7/6/2022,7/3/2022,12/28/2022,6/27/2022
Vanda Hawtin,Vanda,10/31/2022,1/8/2022,12/15/2022,12/21/2022
Christoph Izsak,Christoph,3/12/2022,5/20/2022,5/13/2022,10/14/2022
Chiquia Watson,Chiquia,9/23/2022,8/31/2022,12/3/2022,5/31/2022
Tamiko Forestall,Tamiko,10/14/2022,6/16/2022,3/23/2022,11/8/2022
Sharon Fridaye,Sharon,2/14/2022,2/23/2022,6/18/2022,12/11/2022
Ronda Gussin,Ronda,12/22/2022,11/28/2022,10/30/2022,3/4/2022
Ody Coakley,Ody,12/10/2022,11/17/2022,5/30/2022,4/4/2022
Wynne Elleray,Wynne,7/9/2022,1/15/2022,8/18/2022,7/17/2022
Oneida Potts,Oneida,6/17/2022,8/18/2022,6/25/2022,12/17/2022
Gardiner Luckin,Gardiner,7/14/2022,5/8/2022,3/9/2022,2/14/2022
Alford Ruddiman,Alford,2/25/2022,3/20/2022,4/9/2022,12/30/2022
Tadeas McGrirl,Tadeas,3/15/2022,12/27/2022,2/1/2022,2/11/2022
Lindsay Argontt,Lindsay,4/1/2022,7/5/2022,11/25/2022,4/30/2022
Junie Elman,Junie,9/29/2022,1/6/2022,1/9/2022,11/6/2022
Issy Perkis,Issy,12/24/2022,8/12/2022,2/19/2022,4/18/2022
Thaddus Clair,Thaddus,4/22/2022,10/3/2022,12/27/2022,12/28/2022
Weylin Yakunchikov,Weylin,2/11/2022,9/13/2022,12/19/2022,10/27/2022
Klarrisa Phizakarley,Klarrisa,7/31/2022,11/15/2022,11/11/2022,9/18/2022
Verene Shrive,Verene,10/19/2022,8/29/2022,3/14/2022,2/25/2022
Lazar Stairmond,Lazar,5/28/2022,6/7/2022,7/23/2022,11/9/2022
Jeannine Lamping,Jeannine,4/20/2022,11/22/2022,4/15/2022,1/26/2022
Shermie Sickamore,Shermie,3/16/2022,4/21/2022,7/28/2022,9/2/2022
Susie Cotgrave,Susie,3/27/2022,9/5/2022,11/12/2022,10/9/2022
Tadeas Warren,Tadeas,6/12/2022,3/11/2022,12/11/2022,10/11/2022
Sanson Dilleway,Sanson,9/3/2022,5/23/2022,8/22/2022,12/15/2022
Chandra Prosser,Chandra,6/20/2022,12/4/2022,3/21/2022,8/16/2022
Hobey Marini,Hobey,8/19/2022,6/3/2022,12/31/2022,11/4/2022
Gregorio McKinie,Gregorio,8/25/2022,3/16/2022,6/20/2022,8/8/2022
Francoise Trood,Francoise,4/20/2022,3/25/2022,11/21/2022,2/20/2022
Cammy Cakes,Cammy,3/5/2022,3/2/2022,10/6/2022,11/28/2022
Pegeen Dedman,Pegeen,2/13/2022,4/6/2022,11/22/2022,4/15/2022
Hedwiga Gillies,Hedwiga,3/1/2022,11/6/2022,12/19/2022,3/22/2022
Ulrika Korejs,Ulrika,11/12/2022,10/24/2022,10/11/2022,6/12/2022
Renie Leyshon,Renie,12/22/2022,11/13/2022,4/28/2022,1/6/2022
Sheeree Rickersey,Sheeree,7/26/2022,1/28/2022,2/13/2022,5/7/2022
Elsbeth De Winton,Elsbeth,2/5/2022,4/29/2022,9/21/2022,12/14/2022
Dolores Routley,Dolores,2/3/2022,6/5/2022,1/25/2022,12/20/2022
Bernhard Trorey,Bernhard,2/7/2022,4/20/2022,7/29/2022,7/31/2022
Feliks MacAndie,Feliks,3/27/2022,10/23/2022,8/18/2022,2/17/2022
Abner Folini,Abner,5/8/2022,2/3/2022,7/30/2022,12/20/2022
Ginni Echelle,Ginni,4/11/2022,12/17/2022,4/9/2022,1/15/2022
Gus Fearnyough,Gus,12/7/2022,12/31/2022,11/18/2022,8/28/2022
Noell Steven,Noell,1/7/2022,2/17/2022,5/29/2022,11/2/2022
Merry Twiddy,Merry,9/23/2022,7/18/2022,5/16/2022,11/1/2022
Mercedes Forward,Mercedes,5/26/2022,8/8/2022,4/5/2022,2/28/2022
Teodor Estevez,Teodor,3/23/2022,3/25/2022,1/1/2023,9/16/2022
Shena Lillyman,Shena,11/4/2022,5/31/2022,6/7/2022,2/13/2022
Sollie Breckwell,Sollie,4/6/2022,4/6/2022,11/11/2022,4/20/2022
Harrietta Rosewall,Harrietta,5/21/2022,9/13/2022,10/6/2022,6/27/2022
Vonny Stathers,Vonny,8/14/2022,10/3/2022,12/7/2022,7/15/2022
Winni Loddon,Winni,6/30/2022,5/16/2022,9/25/2022,6/4/2022
Malchy Basire,Malchy,6/30/2022,11/12/2022,4/26/2022,2/13/2022
Dewie Pothecary,Dewie,5/23/2022,2/12/2022,7/6/2022,7/2/2022
Mathe Joseph,Mathe,7/21/2022,11/29/2022,8/16/2022,10/8/2022
Neville Milnthorpe,Neville,6/6/2022,3/6/2022,3/13/2022,1/13/2022
Marcelo McClaurie,Marcelo,7/12/2022,5/26/2022,4/18/2022,4/25/2022
Leonhard Brealey,Leonhard,3/12/2022,2/20/2022,5/21/2022,1/9/2022
Stavro McCrum,Stavro,3/13/2022,5/25/2022,3/17/2022,11/24/2022
Susy Imrie,Susy,1/21/2022,12/15/2022,9/8/2022,5/17/2022
Jeramie Paolacci,Jeramie,12/9/2022,8/3/2022,6/6/2022,3/15/2022
Vittoria Crossfeld,Vittoria,5/30/2022,9/26/2022,3/19/2022,5/22/2022
Luz Selcraig,Luz,8/4/2022,3/14/2022,11/20/2022,4/3/2022
Livvie Arnoud,Livvie,9/21/2022,5/9/2022,3/4/2022,9/7/2022
Dell Tosh,Dell,10/9/2022,1/3/2023,12/20/2022,5/25/2022
Morganica Gowdie,Morganica,7/11/2022,8/5/2022,7/6/2022,1/3/2023
Leontyne Griffitts,Leontyne,11/28/2022,3/20/2022,3/24/2022,4/14/2022
Danya Defraine,Danya,4/14/2022,1/5/2023,3/6/2022,1/22/2022
Abelard Sacco,Abelard,7/2/2022,6/17/2022,12/4/2022,5/17/2022
Cloe Foan,Cloe,2/22/2022,4/8/2022,9/10/2022,12/6/2022
Powell Ormrod,Powell,2/13/2022,4/7/2022,3/9/2022,8/11/2022
Adrianne Silson,Adrianne,6/21/2022,6/18/2022,1/25/2022,3/10/2022
Amandi Jaslem,Amandi,9/30/2022,5/10/2022,8/4/2022,11/17/2022
Moss Clixby,Moss,4/22/2022,10/10/2022,5/20/2022,10/15/2022
Addia Kleinschmidt,Addia,12/22/2022,12/18/2022,6/8/2022,4/9/2022
Manda Neagle,Manda,12/6/2022,2/16/2022,6/1/2022,8/25/2022
Lyell Tales,Lyell,4/4/2022,2/11/2022,11/30/2022,7/12/2022
Kristopher Tschirasche,Kristopher,4/5/2022,9/17/2022,5/23/2022,8/1/2022
Sherwynd Pinson,Sherwynd,4/9/2022,5/11/2022,1/13/2022,7/6/2022
Nikki Birchall,Nikki,6/13/2022,3/11/2022,4/26/2022,11/8/2022
Bryana Calderonello,Bryana,12/15/2022,8/31/2022,3/11/2022,12/20/2022
Krysta Hutchinges,Krysta,12/14/2022,2/22/2022,7/29/2022,7/25/2022
Biron Storie,Biron,10/1/2022,10/19/2022,3/29/2022,4/6/2022
Raimund Guiton,Raimund,8/15/2022,1/7/2022,1/11/2022,10/28/2022
Elizabet Mease,Elizabet,6/22/2022,3/21/2022,2/20/2022,3/20/2022
Nydia Luggar,Nydia,5/10/2022,11/13/2022,8/9/2022,4/24/2022
Lorilyn Gopsill,Lorilyn,10/24/2022,4/27/2022,8/15/2022,9/17/2022
Meghann Danzey,Meghann,8/1/2022,1/15/2022,1/7/2022,5/23/2022
Ashlen Casbolt,Ashlen,5/23/2022,3/12/2022,12/30/2022,8/14/2022
Nikolos Halfpenny,Nikolos,10/14/2022,8/4/2022,10/20/2022,10/27/2022
Bertina Heathcote,Bertina,6/28/2022,5/2/2022,7/17/2022,3/31/2022
Eadie MacWilliam,Eadie,12/3/2022,2/16/2022,1/8/2022,2/19/2022
Mechelle Isacq,Mechelle,1/4/2023,8/9/2022,10/13/2022,3/26/2022
Waylon Cluderay,Waylon,5/13/2022,10/24/2022,1/5/2023,10/21/2022
Stacie Tipperton,Stacie,4/28/2022,4/28/2022,4/30/2022,3/14/2022
Allene Hinkley,Allene,4/8/2022,12/20/2022,6/5/2022,12/11/2022
Deirdre Skellion,Deirdre,9/2/2022,9/19/2022,8/12/2022,4/15/2022
Dieter Farreil,Dieter,11/23/2022,1/26/2022,1/11/2022,11/20/2022
Hildagarde Fellini,Hildagarde,2/7/2022,3/28/2022,5/28/2022,3/27/2022
Obadiah Bugge,Obadiah,1/10/2022,9/14/2022,5/31/2022,3/14/2022
Edyth Redsell,Edyth,7/29/2022,6/10/2022,4/20/2022,6/26/2022
Tuck Jinkinson,Tuck,7/13/2022,3/18/2022,7/2/2022,10/3/2022
Libby Tupie,Libby,10/24/2022,11/4/2022,4/1/2022,5/11/2022
Mignonne Lambal,Mignonne,2/27/2022,8/21/2022,4/15/2022,11/8/2022
Phedra Jore,Phedra,7/29/2022,11/11/2022,7/16/2022,2/1/2022
Arnuad Dibdin,Arnuad,1/20/2022,12/13/2022,7/30/2022,4/10/2022
Zarla Heyfield,Zarla,6/13/2022,1/30/2022,8/11/2022,8/7/2022
Christine Castana,Christine,12/3/2022,10/24/2022,5/27/2022,6/17/2022
Peterus Moff,Peterus,7/22/2022,4/1/2022,3/22/2022,3/4/2022
Shirlee Drummond,Shirlee,6/2/2022,10/28/2022,4/7/2022,11/21/2022
Ede Ickovic,Ede,3/17/2022,9/12/2022,3/1/2022,5/28/2022
Janelle Rasper,Janelle,11/13/2022,7/17/2022,10/8/2022,10/20/2022
Drud Skurray,Drud,6/14/2022,5/22/2022,7/30/2022,3/4/2022
Evelyn Colleran,Evelyn,5/27/2022,8/8/2022,3/9/2022,1/28/2022
Greer Dubble,Greer,1/14/2022,4/18/2022,2/5/2022,11/1/2022
Lanna Moohan,Lanna,5/12/2022,11/26/2022,8/15/2022,7/16/2022
Susanetta Giacomoni,Susanetta,6/7/2022,9/15/2022,11/3/2022,9/3/2022
Joshua Repp,Joshua,12/28/2022,6/6/2022,6/24/2022,9/24/2022
Stephi McGloin,Stephi,5/30/2022,5/2/2022,12/1/2022,1/14/2022
Shaun Hadwin,Shaun,4/23/2022,9/19/2022,4/12/2022,1/18/2022
Hulda Hotton,Hulda,7/27/2022,2/27/2022,5/26/2022,9/29/2022
Dexter Syddie,Dexter,9/9/2022,11/1/2022,5/1/2022,12/7/2022
Maynard Braxton,Maynard,10/9/2022,9/16/2022,5/27/2022,9/3/2022
Silas Souness,Silas,4/29/2022,6/3/2022,6/10/2022,8/24/2022
Mill Gniewosz,Mill,7/15/2022,7/13/2022,5/10/2022,3/22/2022
Tobin Dickens,Tobin,11/24/2022,8/27/2022,5/17/2022,8/14/2022
Harriette Storr,Harriette,2/21/2022,6/3/2022,7/2/2022,6/18/2022
Lindi Babber,Lindi,9/28/2022,2/1/2022,2/3/2022,2/5/2022
Myrna Paul,Myrna,10/21/2022,4/8/2022,5/24/2022,3/22/2022
Sammy Santino,Sammy,9/1/2022,9/6/2022,2/7/2022,11/1/2022
Frederich Pruvost,Frederich,2/16/2022,5/5/2022,8/14/2022,7/24/2022
Jaine Alelsandrovich,Jaine,12/31/2022,3/16/2022,8/23/2022,12/19/2022
Garnette Searson,Garnette,6/4/2022,10/9/2022,9/26/2022,2/4/2022
Karil Pettecrew,Karil,10/16/2022,10/19/2022,8/18/2022,7/16/2022
Talbert Cripwell,Talbert,9/6/2022,5/22/2022,11/5/2022,3/16/2022
Bertha Wray,Bertha,5/3/2022,8/23/2022,6/25/2022,8/31/2022
Lynsey Wife,Lynsey,7/17/2022,10/16/2022,3/6/2022,2/22/2022
Ivie Mulheron,Ivie,2/4/2022,12/2/2022,12/14/2022,4/7/2022
Leyla Forson,Leyla,2/20/2022,12/6/2022,6/23/2022,9/17/2022
Margie Haughey,Margie,5/31/2022,8/26/2022,1/25/2022,6/11/2022
Sheilakathryn Hanscome,Sheilakathryn,2/14/2022,9/21/2022,12/9/2022,2/21/2022
Lemmy Walding,Lemmy,1/12/2022,5/29/2022,3/17/2022,4/19/2022
Tyler Constant,Tyler,10/20/2022,8/8/2022,4/14/2022,12/15/2022
Ruprecht Larcier,Ruprecht,7/14/2022,6/26/2022,11/6/2022,1/25/2022
Gaye Edlyne,Gaye,6/18/2022,3/27/2022,8/18/2022,6/29/2022
Hort Belton,Hort,7/5/2022,6/1/2022,1/19/2022,7/29/2022
Estrellita Thing,Estrellita,12/14/2022,8/15/2022,1/3/2023,2/1/2022
Storm Boanas,Storm,3/15/2022,7/17/2022,3/31/2022,3/17/2022
Nathalie Looby,Nathalie,1/13/2022,9/16/2022,6/15/2022,4/4/2022
Bryan Bielfelt,Bryan,10/27/2022,6/30/2022,11/25/2022,12/9/2022
Walther Capineer,Walther,9/10/2022,7/21/2022,3/28/2022,2/22/2022
Clarey Kohter,Clarey,7/9/2022,12/24/2022,8/22/2022,11/10/2022
Marketa Stubbings,Marketa,6/23/2022,1/9/2022,3/18/2022,7/26/2022
Aube Widdop,Aube,12/15/2022,2/11/2022,5/8/2022,10/14/2022
Lauren Mewburn,Lauren,6/17/2022,7/17/2022,7/6/2022,6/19/2022
Brianna Prangnell,Brianna,4/1/2022,10/23/2022,7/23/2022,12/20/2022
Nancy Jaegar,Nancy,1/5/2023,10/3/2022,11/12/2022,12/25/2022
Nero Seyler,Nero,7/2/2022,2/27/2022,2/5/2022,6/8/2022
Larissa Fall,Larissa,2/10/2022,12/22/2022,4/12/2022,4/27/2022
Kristyn Risbridger,Kristyn,11/3/2022,7/17/2022,10/24/2022,4/6/2022
Faye Anstiss,Faye,6/14/2022,8/23/2022,9/14/2022,10/19/2022
Ernie Hauxby,Ernie,8/28/2022,3/23/2022,11/28/2022,11/16/2022
Jody Hatch,Jody,8/1/2022,3/18/2022,8/22/2022,3/31/2022
Romeo Broske,Romeo,12/19/2022,12/11/2022,2/8/2022,7/9/2022
Neil Hicks,Neil,3/23/2022,7/11/2022,8/2/2022,4/22/2022
Gale Hathaway,Gale,6/10/2022,11/27/2022,10/2/2022,8/15/2022
Dale Bavage,Dale,6/12/2022,1/22/2022,10/1/2022,8/2/2022
Laurice Hercules,Laurice,3/1/2022,12/12/2022,10/16/2022,9/20/2022
Krissie Gonthier,Krissie,8/30/2022,8/14/2022,10/27/2022,12/5/2022
Anthony Helleker,Anthony,10/14/2022,7/25/2022,7/22/2022,5/14/2022
Cary Bohden,Cary,10/19/2022,3/27/2022,5/5/2022,5/15/2022
Gradey Thulborn,Gradey,11/24/2022,9/4/2022,6/18/2022,8/7/2022
Curt Goricke,Curt,3/12/2022,9/8/2022,1/18/2022,9/23/2022
Jeddy Castiglioni,Jeddy,8/22/2022,7/30/2022,5/21/2022,7/4/2022
Anderea Vannoort,Anderea,7/3/2022,7/4/2022,10/21/2022,4/14/2022
Wayne Neiland,Wayne,5/13/2022,9/1/2022,7/27/2022,2/13/2022
Byrom Kenshole,Byrom,4/11/2022,11/15/2022,2/2/2022,5/7/2022
Massimo Maric,Massimo,1/30/2022,8/3/2022,5/11/2022,6/4/2022
Shandie MacCome,Shandie,1/3/2023,7/28/2022,12/12/2022,11/4/2022
Christal Leveret,Christal,1/20/2022,6/28/2022,3/4/2022,3/21/2022
Daria Draysey,Daria,11/4/2022,2/28/2022,12/19/2022,11/24/2022
Miles Colbertson,Miles,6/27/2022,6/21/2022,9/17/2022,2/2/2022
Jayme Denton,Jayme,7/12/2022,2/20/2022,10/26/2022,3/25/2022
Ambrosius Kobpa,Ambrosius,6/13/2022,1/20/2022,12/24/2022,6/8/2022
Mylo Monk,Mylo,6/20/2022,2/16/2022,1/21/2022,12/22/2022
Molli Bolino,Molli,4/28/2022,6/17/2022,9/3/2022,7/24/2022
Erna Syrett,Erna,8/2/2022,6/5/2022,5/12/2022,1/13/2022
Almeda Burdell,Almeda,1/17/2022,9/8/2022,10/25/2022,11/6/2022
Dukie Riccard,Dukie,10/2/2022,1/2/2023,4/13/2022,4/14/2022
Leeland Legerwood,Leeland,9/30/2022,8/22/2022,10/10/2022,9/2/2022
Norry Reilinger,Norry,7/23/2022,11/4/2022,2/13/2022,11/10/2022
Jamima Treneer,Jamima,3/4/2022,6/10/2022,3/22/2022,7/7/2022
Linnell Jaukovic,Linnell,11/22/2022,11/21/2022,4/13/2022,3/8/2022
Ora Stenett,Ora,5/2/2022,10/4/2022,5/18/2022,6/15/2022
Codie Filipputti,Codie,1/14/2022,8/31/2022,1/22/2022,6/28/2022
Selig Stych,Selig,1/18/2022,11/2/2022,2/5/2022,12/5/2022
Bat Freund,Bat,8/3/2022,8/22/2022,7/2/2022,5/4/2022
Marabel Taborre,Marabel,10/20/2022,3/31/2022,6/17/2022,12/2/2022
Eulalie Ost,Eulalie,11/27/2022,8/4/2022,7/11/2022,6/12/2022
Carny Acarson,Carny,6/9/2022,5/9/2022,6/18/2022,11/2/2022
Clarke Feldstern,Clarke,3/15/2022,5/30/2022,12/12/2022,1/9/2022
Manfred Massinger,Manfred,4/3/2022,4/29/2022,5/13/2022,10/22/2022
Davidde Woodroff,Davidde,3/31/2022,1/24/2022,12/12/2022,2/20/2022
Brietta Henryson,Brietta,8/23/2022,12/31/2022,4/14/2022,3/17/2022
Lezley Boniface,Lezley,11/8/2022,6/7/2022,11/2/2022,1/12/2022
Michale Streeting,Michale,11/24/2022,9/15/2022,6/2/2022,2/18/2022
Augustus Perrigo,Augustus,2/19/2022,11/22/2022,12/2/2022,10/31/2022
Jan Colegrove,Jan,3/13/2022,12/12/2022,3/31/2022,4/7/2022
Stanleigh Trytsman,Stanleigh,3/11/2022,10/20/2022,12/20/2022,11/30/2022
Corrina Guys,Corrina,3/30/2022,5/22/2022,7/26/2022,4/20/2022
Linnet Francklin,Linnet,5/8/2022,5/29/2022,7/15/2022,12/20/2022
Bili Sherlock,Bili,5/4/2022,9/26/2022,11/22/2022,1/29/2022
Dalila Jedrzejewski,Dalila,7/27/2022,11/9/2022,10/24/2022,7/22/2022
Dunc Iley,Dunc,2/27/2022,11/2/2022,2/21/2022,12/11/2022
Quintilla Revan,Quintilla,5/25/2022,12/25/2022,10/16/2022,12/6/2022
Hermann Eallis,Hermann,5/15/2022,8/31/2022,3/12/2022,10/6/2022
Miller Haysham,Miller,7/23/2022,10/9/2022,6/4/2022,6/17/2022
Moll Marthen,Moll,1/24/2022,8/1/2022,1/21/2022,10/18/2022
Oriana Robert,Oriana,12/4/2022,4/24/2022,3/23/2022,3/15/2022
Daune Caush,Daune,6/15/2022,8/21/2022,4/12/2022,2/7/2022
Freemon Gages,Freemon,12/26/2022,6/27/2022,4/25/2022,7/3/2022
Kiel Othen,Kiel,10/31/2022,7/18/2022,9/1/2022,11/20/2022
Joyan Chantree,Joyan,5/7/2022,8/29/2022,6/26/2022,5/7/2022
Lamar Cluckie,Lamar,8/21/2022,9/2/2022,10/13/2022,4/7/2022
Hershel Assiratti,Hershel,7/13/2022,8/29/2022,11/22/2022,8/23/2022
Ellie Dobing,Ellie,7/22/2022,4/30/2022,12/16/2022,7/21/2022
Cozmo Olenchenko,Cozmo,6/13/2022,1/26/2022,4/29/2022,11/3/2022
Jojo Smallthwaite,Jojo,5/5/2022,8/27/2022,1/9/2022,2/11/2022
Tammy Mattimoe,Tammy,5/26/2022,8/12/2022,9/15/2022,3/15/2022
Harley Wozencroft,Harley,10/4/2022,3/12/2022,9/27/2022,4/10/2022
Effie Bingley,Effie,2/12/2022,12/26/2022,2/9/2022,2/21/2022
Mariquilla Doole,Mariquilla,4/27/2022,6/6/2022,9/24/2022,9/26/2022
Jackie Pelz,Jackie,5/9/2022,6/9/2022,8/17/2022,6/24/2022
Dav Skipperbottom,Dav,5/31/2022,9/8/2022,8/20/2022,5/3/2022
Lizzy Monan,Lizzy,4/24/2022,3/16/2022,3/19/2022,7/10/2022
Gillan Twitty,Gillan,8/30/2022,12/27/2022,2/19/2022,9/19/2022
Vincenz Clampton,Vincenz,11/14/2022,5/27/2022,8/8/2022,8/23/2022
Barret Balkwill,Barret,3/21/2022,8/13/2022,2/6/2022,6/13/2022
Mel McDell,Mel,4/12/2022,12/24/2022,10/29/2022,11/9/2022
Buddy Greenman,Buddy,2/27/2022,7/21/2022,3/15/2022,4/10/2022
Coletta Clampe,Coletta,1/21/2022,5/24/2022,2/28/2022,7/17/2022
Hirsch Gatrell,Hirsch,3/11/2022,11/18/2022,5/29/2022,5/15/2022
Brunhilde Valentetti,Brunhilde,6/12/2022,5/1/2022,4/1/2022,8/22/2022
Kinnie Eliassen,Kinnie,6/2/2022,1/12/2022,2/1/2022,7/14/2022
Harlene Dickson,Harlene,4/24/2022,5/25/2022,12/18/2022,4/30/2022
Charil Brumby,Charil,5/25/2022,7/13/2022,6/7/2022,5/14/2022
Maris Salt,Maris,9/9/2022,6/18/2022,9/7/2022,6/30/2022
Harman Swash,Harman,3/15/2022,2/2/2022,6/15/2022,12/19/2022
Alexis Pay,Alexis,6/2/2022,11/23/2022,7/20/2022,2/16/2022
Aggie Martinot,Aggie,4/8/2022,11/23/2022,12/5/2022,6/10/2022
Konrad Lyptrit,Konrad,8/23/2022,6/21/2022,8/26/2022,1/26/2022
Bunnie Filchagin,Bunnie,9/13/2022,6/2/2022,9/15/2022,12/10/2022
Shem Jentges,Shem,1/18/2022,7/11/2022,10/17/2022,8/25/2022
Angelica Spraggon,Angelica,9/22/2022,2/3/2022,7/8/2022,9/23/2022
Else Tawton,Else,6/29/2022,3/11/2022,12/2/2022,6/26/2022
Matthaeus Lohan,Matthaeus,4/25/2022,3/4/2022,5/24/2022,5/22/2022
Helaina Peters,Helaina,10/26/2022,1/23/2022,1/1/2023,5/22/2022
Ollie Giamuzzo,Ollie,5/2/2022,8/22/2022,9/24/2022,8/26/2022
Vanni Kensley,Vanni,5/19/2022,3/12/2022,10/15/2022,2/16/2022
Ilsa Baake,Ilsa,3/23/2022,2/28/2022,10/22/2022,5/7/2022
Aretha Rannald,Aretha,7/17/2022,4/9/2022,11/19/2022,1/4/2023
Farleigh Godspede,Farleigh,10/7/2022,5/21/2022,4/3/2022,11/2/2022
El Necrews,El,3/4/2022,3/2/2022,11/12/2022,6/14/2022
Basile Sykes,Basile,2/18/2022,11/11/2022,4/24/2022,4/14/2022
Silva Greally,Silva,2/19/2022,2/18/2022,1/17/2022,11/19/2022
Anet Ramstead,Anet,11/22/2022,10/5/2022,10/6/2022,11/20/2022
Normie Corden,Normie,7/22/2022,3/26/2022,9/29/2022,9/15/2022
Shanie Cottill,Shanie,2/1/2022,8/31/2022,10/6/2022,1/22/2022
Kara Jore,Kara,12/12/2022,11/16/2022,10/14/2022,6/18/2022
Myrna Nazaret,Myrna,2/8/2022,12/28/2022,5/13/2022,7/19/2022
Abie Beeston,Abie,4/13/2022,3/30/2022,8/19/2022,4/15/2022
Nikki Larmouth,Nikki,1/8/2022,2/24/2022,3/18/2022,5/20/2022
Didi Frankcom,Didi,9/19/2022,11/21/2022,8/31/2022,3/31/2022
Kessia Dauby,Kessia,4/28/2022,11/6/2022,4/13/2022,10/30/2022
Virgie Trembley,Virgie,1/17/2022,12/21/2022,12/15/2022,2/17/2022
Germaine Mahmood,Germaine,8/1/2022,1/4/2023,7/30/2022,12/21/2022
Yolanthe Solman,Yolanthe,10/8/2022,9/10/2022,8/25/2022,4/30/2022
Adorne Huson,Adorne,12/27/2022,3/17/2022,6/19/2022,12/26/2022
Jarrid Lillegard,Jarrid,4/18/2022,1/23/2022,7/30/2022,12/29/2022
Gauthier Fairs,Gauthier,3/8/2022,11/18/2022,2/28/2022,8/6/2022
Anne-corinne Carruthers,Anne-corinne,9/27/2022,11/30/2022,4/9/2022,12/3/2022
Neely Sodor,Neely,12/18/2022,1/3/2023,2/5/2022,9/27/2022
Charline Turmell,Charline,2/15/2022,7/2/2022,11/1/2022,2/2/2022
Bearnard Lowcock,Bearnard,3/31/2022,5/9/2022,6/12/2022,7/10/2022
Rudiger Coxon,Rudiger,9/1/2022,12/5/2022,11/10/2022,4/25/2022
Galvan Missington,Galvan,4/16/2022,8/27/2022,3/18/2022,2/1/2022
Candie Dugald,Candie,5/2/2022,7/25/2022,4/16/2022,2/6/2022
Goran Ohlsen,Goran,11/2/2022,8/17/2022,10/19/2022,10/30/2022
Sabrina Gregoriou,Sabrina,5/28/2022,8/9/2022,3/25/2022,3/16/2022
Maurits Cammocke,Maurits,9/29/2022,8/27/2022,2/28/2022,3/1/2022
Godwin Cheney,Godwin,10/19/2022,12/11/2022,11/18/2022,2/22/2022
Swen Van Cassel,Swen,2/19/2022,9/3/2022,3/3/2022,12/21/2022
Delphinia Freiburger,Delphinia,9/24/2022,8/2/2022,4/26/2022,1/10/2022
Tuckie Marlen,Tuckie,5/2/2022,6/6/2022,11/25/2022,9/11/2022
Rowland Stormont,Rowland,11/21/2022,11/12/2022,2/27/2022,6/26/2022
Gayleen Housby,Gayleen,3/28/2022,3/26/2022,3/1/2022,12/16/2022
Sapphira Jorio,Sapphira,9/28/2022,10/8/2022,12/16/2022,5/17/2022
Morrie Golt,Morrie,7/30/2022,9/17/2022,11/5/2022,12/25/2022
Slade Brownsea,Slade,11/5/2022,2/21/2022,2/5/2022,1/25/2022
Floyd Cheesley,Floyd,2/12/2022,3/16/2022,1/22/2022,3/9/2022
Gris Flood,Gris,10/16/2022,1/6/2022,9/4/2022,5/26/2022
Poppy Kingaby,Poppy,7/21/2022,12/3/2022,8/7/2022,1/26/2022
Leif Parr,Leif,12/22/2022,12/5/2022,2/15/2022,8/22/2022
Dari Shird,Dari,4/12/2022,12/24/2022,7/9/2022,7/22/2022
Philippe Jeffryes,Philippe,1/28/2022,5/10/2022,9/14/2022,1/8/2022
Gabriela Heaphy,Gabriela,1/27/2022,11/4/2022,8/21/2022,1/30/2022
Michelina Gurr,Michelina,8/27/2022,5/17/2022,7/10/2022,1/13/2022
Rand O'Cleary,Rand,4/23/2022,1/19/2022,10/27/2022,2/4/2022
Remington Branney,Remington,5/31/2022,3/7/2022,4/21/2022,10/2/2022
Franzen Schottli,Franzen,1/22/2022,7/28/2022,8/14/2022,8/31/2022
Currey Caig,Currey,6/2/2022,10/20/2022,10/24/2022,5/31/2022
Dirk Mousley,Dirk,9/16/2022,3/1/2022,12/24/2022,1/16/2022
Griffin Prodrick,Griffin,10/14/2022,2/6/2022,2/22/2022,12/15/2022
Florencia Hawarden,Florencia,1/8/2022,7/26/2022,6/15/2022,5/29/2022
Karrie Durrad,Karrie,9/9/2022,2/26/2022,10/20/2022,4/2/2022
Haley Hryniewicki,Haley,10/3/2022,12/24/2022,4/2/2022,8/15/2022
Dallon Mattiussi,Dallon,11/22/2022,6/2/2022,4/29/2022,3/2/2022
Kellen Fairbeard,Kellen,6/7/2022,1/13/2022,10/11/2022,1/9/2022
Jamil De Cruce,Jamil,11/24/2022,4/17/2022,3/4/2022,9/28/2022
Lindsay McLurg,Lindsay,10/6/2022,10/4/2022,1/20/2022,3/23/2022
Lazar Chelsom,Lazar,11/5/2022,7/23/2022,1/23/2022,10/6/2022
Jeana Gamlyn,Jeana,7/14/2022,5/23/2022,3/16/2022,1/26/2022
Augy Cattell,Augy,8/18/2022,7/1/2022,3/17/2022,9/9/2022
Burton Boultwood,Burton,2/20/2022,12/1/2022,5/30/2022,4/13/2022
Dixie Wilkin,Dixie,6/2/2022,10/6/2022,5/23/2022,7/21/2022
Margit Inge,Margit,12/1/2022,3/6/2022,7/16/2022,3/24/2022
Harlan Sigward,Harlan,5/14/2022,1/11/2022,4/16/2022,10/9/2022
Selina Nickols,Selina,6/4/2022,1/18/2022,10/28/2022,12/22/2022
Charmain Chippin,Charmain,10/4/2022,6/14/2022,4/1/2022,3/24/2022
Gunner Dorrian,Gunner,4/25/2022,12/5/2022,9/10/2022,1/16/2022
Noah Heining,Noah,6/18/2022,10/30/2022,8/6/2022,10/20/2022
Eileen O'Glessane,Eileen,5/29/2022,11/11/2022,12/19/2022,12/5/2022
Burk Marklund,Burk,8/9/2022,7/25/2022,5/7/2022,5/27/2022
Binky Littlemore,Binky,1/30/2022,5/4/2022,1/29/2022,12/7/2022
Darcee Town,Darcee,10/16/2022,9/21/2022,12/7/2022,3/7/2022
Charlot Rowter,Charlot,3/29/2022,10/30/2022,10/24/2022,6/29/2022
Launce Lethebridge,Launce,12/26/2022,5/20/2022,8/2/2022,12/17/2022
Lalo Loughlan,Lalo,1/8/2022,3/22/2022,6/28/2022,10/27/2022
Abbi Romand,Abbi,3/8/2022,8/29/2022,2/20/2022,10/12/2022
Phillip Sumpton,Phillip,10/8/2022,3/1/2022,9/10/2022,9/29/2022
Corinne Michallat,Corinne,9/23/2022,11/26/2022,10/14/2022,1/3/2023
Bili Treneer,Bili,4/23/2022,7/7/2022,6/15/2022,3/19/2022
Lanna Sanches,Lanna,9/28/2022,7/3/2022,1/5/2023,9/22/2022
Jody Ovitz,Jody,2/8/2022,8/10/2022,9/19/2022,1/19/2022
Wendell Jarmaine,Wendell,10/12/2022,4/2/2022,11/17/2022,6/13/2022
Sianna Medcalfe,Sianna,6/20/2022,6/23/2022,4/21/2022,10/7/2022
Geoffry Shortcliffe,Geoffry,10/31/2022,7/30/2022,10/24/2022,12/25/2022
Xever Snowden,Xever,8/9/2022,3/8/2022,3/9/2022,1/8/2022
Krystyna McLenahan,Krystyna,9/11/2022,1/20/2022,1/31/2022,5/11/2022
Esmeralda Toffetto,Esmeralda,3/26/2022,1/19/2022,7/10/2022,2/28/2022
Nicol Moggan,Nicol,8/13/2022,5/8/2022,9/24/2022,11/17/2022
Morganica Axleby,Morganica,1/29/2022,8/20/2022,1/30/2022,4/3/2022
Lyndy Jollands,Lyndy,12/8/2022,12/14/2022,8/8/2022,1/12/2022
Morganne Stenett,Morganne,10/25/2022,11/15/2022,11/6/2022,5/17/2022
Cleo Van Hault,Cleo,5/22/2022,4/22/2022,8/15/2022,11/17/2022
Everett Delia,Everett,4/25/2022,7/23/2022,11/11/2022,12/8/2022
Stevie Latore,Stevie,1/12/2022,7/4/2022,2/2/2022,7/28/2022
Cindy Abbots,Cindy,3/1/2022,11/8/2022,4/14/2022,10/10/2022
Rosy Ghelardoni,Rosy,5/21/2022,7/11/2022,9/13/2022,2/14/2022
Jada Weir,Jada,12/20/2022,11/21/2022,8/21/2022,8/11/2022
Pancho Richemont,Pancho,6/9/2022,1/27/2022,6/7/2022,3/5/2022
Chloe Packman,Chloe,9/14/2022,6/15/2022,5/5/2022,6/30/2022
Hanan Jentin,Hanan,5/9/2022,2/23/2022,2/11/2022,8/6/2022
Harland Badrick,Harland,8/25/2022,7/26/2022,3/29/2022,11/4/2022
Frederik Fishburn,Frederik,11/18/2022,12/16/2022,8/16/2022,3/5/2022
Bone Sergeaunt,Bone,1/9/2022,8/24/2022,11/4/2022,1/16/2022
Siouxie Staddart,Siouxie,3/4/2022,2/3/2022,9/6/2022,7/11/2022
Rochette Pechard,Rochette,7/28/2022,1/25/2022,12/15/2022,7/30/2022
Harvey Bewlie,Harvey,4/13/2022,11/17/2022,3/27/2022,7/15/2022
Kasper Briscam,Kasper,5/7/2022,10/7/2022,11/12/2022,6/5/2022
Beryle Cattenach,Beryle,10/9/2022,4/22/2022,12/2/2022,10/5/2022
Leora Hufton,Leora,11/13/2022,2/6/2022,6/11/2022,7/4/2022
Bartholomew Schoffler,Bartholomew,6/6/2022,11/25/2022,5/21/2022,11/6/2022
Alistair Leale,Alistair,5/26/2022,10/11/2022,10/21/2022,1/17/2022
Nikkie Quadling,Nikkie,6/23/2022,2/9/2022,5/27/2022,7/14/2022
Tine Mallia,Tine,10/20/2022,4/23/2022,3/14/2022,1/23/2022
Karina Jerger,Karina,6/2/2022,4/7/2022,7/19/2022,11/21/2022
Ladonna Forrington,Ladonna,10/5/2022,5/28/2022,6/1/2022,1/15/2022
Ambros Turneaux,Ambros,6/26/2022,3/20/2022,8/9/2022,11/3/2022
Brook Ardern,Brook,1/3/2023,4/30/2022,5/16/2022,10/24/2022
Norine Mattiello,Norine,4/19/2022,7/22/2022,10/6/2022,10/28/2022
Dacy Heinemann,Dacy,4/1/2022,8/6/2022,11/1/2022,8/12/2022
Lorene Brakespear,Lorene,6/13/2022,11/6/2022,6/27/2022,1/16/2022
Sherlocke Haythornthwaite,Sherlocke,7/11/2022,5/24/2022,3/20/2022,5/20/2022
Tabbitha Droogan,Tabbitha,10/17/2022,10/27/2022,4/18/2022,10/13/2022
Monah Lemin,Monah,5/17/2022,2/15/2022,12/7/2022,10/3/2022
Carlota Steele,Carlota,4/12/2022,1/30/2022,9/22/2022,3/1/2022
Ad Yushachkov,Ad,10/12/2022,10/31/2022,3/21/2022,10/28/2022
Nadiya Yurkov,Nadiya,11/23/2022,9/15/2022,7/3/2022,3/17/2022
Goldia Dany,Goldia,11/10/2022,6/29/2022,10/12/2022,10/17/2022
Taryn Norridge,Taryn,6/20/2022,11/21/2022,12/11/2022,1/26/2022
Karlyn Walczynski,Karlyn,7/11/2022,8/13/2022,1/29/2022,8/12/2022
Louise Lohan,Louise,5/30/2022,11/11/2022,6/28/2022,3/21/2022
Weston Surmeir,Weston,4/25/2022,8/3/2022,12/21/2022,6/26/2022
Jaime Leinthall,Jaime,9/10/2022,7/13/2022,10/23/2022,2/18/2022
Mathias Comben,Mathias,12/22/2022,8/18/2022,6/11/2022,2/20/2022
Fredric Tribble,Fredric,7/30/2022,3/15/2022,5/1/2022,12/7/2022
Isidore de Courcy,Isidore,12/8/2022,8/11/2022,7/21/2022,4/24/2022
Michail Cordey,Michail,12/23/2022,11/28/2022,3/29/2022,4/13/2022
Nathanael McNiff,Nathanael,7/29/2022,1/2/2023,1/17/2022,2/23/2022
Si Harness,Si,9/17/2022,5/1/2022,1/3/2023,6/21/2022
Jemima Bradly,Jemima,6/8/2022,6/20/2022,10/27/2022,3/8/2022
Corena Champniss,Corena,3/27/2022,3/8/2022,4/13/2022,5/3/2022
Andrei Houlahan,Andrei,12/26/2022,11/24/2022,2/11/2022,9/11/2022
Reiko Hurleston,Reiko,1/21/2022,5/6/2022,5/19/2022,5/28/2022
Lemar O'Grogane,Lemar,11/9/2022,3/9/2022,10/26/2022,6/4/2022
Cathrine Jorissen,Cathrine,7/4/2022,12/24/2022,9/7/2022,2/12/2022
Hester Fibbitts,Hester,5/5/2022,3/12/2022,4/18/2022,1/25/2022
Bethena Vernalls,Bethena,6/15/2022,1/25/2022,1/23/2022,7/27/2022
Oberon Yackiminie,Oberon,3/12/2022,6/22/2022,2/4/2022,8/22/2022
Gil McGiveen,Gil,10/24/2022,11/7/2022,5/23/2022,3/24/2022
Edeline Runsey,Edeline,12/27/2022,4/21/2022,9/1/2022,12/7/2022
Lewes Wooster,Lewes,12/8/2022,9/25/2022,11/30/2022,6/7/2022
Theresina Welman,Theresina,10/28/2022,11/18/2022,4/6/2022,11/10/2022
Rosamund Dybell,Rosamund,3/11/2022,4/4/2022,11/13/2022,6/18/2022
Cordie Leyband,Cordie,9/21/2022,7/13/2022,8/30/2022,4/15/2022
Enoch Yellowlee,Enoch,5/31/2022,10/16/2022,7/5/2022,1/22/2022
Tiffanie Kondrachenko,Tiffanie,7/30/2022,1/18/2022,11/6/2022,8/8/2022
Diane Daws,Diane,10/30/2022,2/10/2022,3/24/2022,3/17/2022
Ruth Hought,Ruth,2/24/2022,9/12/2022,12/18/2022,10/20/2022
Jonathan Fante,Jonathan,3/13/2022,1/13/2022,12/17/2022,12/20/2022
Zebulon Maunsell,Zebulon,2/13/2022,9/21/2022,12/5/2022,7/3/2022
Roger Everington,Roger,10/25/2022,1/31/2022,9/22/2022,7/5/2022
Cherry Siene,Cherry,12/6/2022,7/15/2022,10/15/2022,5/12/2022
Inglis Kohlerman,Inglis,1/18/2022,5/29/2022,12/21/2022,9/21/2022
Stearne Foy,Stearne,10/16/2022,10/2/2022,7/27/2022,1/10/2022
Caroljean Vispo,Caroljean,5/21/2022,6/18/2022,6/2/2022,5/27/2022
Mariya Maharry,Mariya,12/4/2022,12/25/2022,2/25/2022,6/10/2022
Leslie Hamly,Leslie,7/17/2022,9/24/2022,6/22/2022,2/5/2022
Myrta Boustead,Myrta,3/24/2022,2/5/2022,1/22/2022,5/24/2022
Sholom Sarle,Sholom,1/1/2023,11/6/2022,2/23/2022,10/6/2022
Zackariah Danaher,Zackariah,6/9/2022,3/31/2022,2/15/2022,10/14/2022
Odell Koopman,Odell,9/3/2022,7/23/2022,12/31/2022,2/24/2022
Ynez Izkovicz,Ynez,9/9/2022,7/9/2022,4/10/2022,7/19/2022
Chane Lappine,Chane,7/6/2022,8/14/2022,7/5/2022,4/22/2022
Kathryn Niccolls,Kathryn,5/12/2022,10/10/2022,1/27/2022,4/30/2022
Karol Blamphin,Karol,2/3/2022,8/8/2022,7/14/2022,4/20/2022
Sarah Paoletti,Sarah,12/5/2022,2/13/2022,6/13/2022,8/18/2022
Nelly Schustl,Nelly,7/17/2022,4/18/2022,7/6/2022,3/20/2022
Kissie Juckes,Kissie,7/17/2022,6/6/2022,5/30/2022,10/10/2022
Manon Adolfsen,Manon,6/18/2022,9/17/2022,12/4/2022,7/23/2022
Fifi De Normanville,Fifi,8/12/2022,7/20/2022,12/3/2022,3/6/2022
Antin Coan,Antin,11/16/2022,6/24/2022,7/31/2022,10/19/2022
Vonny Nears,Vonny,4/23/2022,11/27/2022,7/16/2022,8/1/2022
Teena Gunningham,Teena,10/25/2022,8/1/2022,6/7/2022,10/31/2022
Tamera Caplin,Tamera,12/21/2022,8/22/2022,12/16/2022,8/11/2022
Phillis Olivari,Phillis,3/21/2022,11/4/2022,7/19/2022,5/2/2022
Corny Symmers,Corny,2/10/2022,3/23/2022,3/29/2022,6/10/2022
Avrit Tordiffe,Avrit,12/16/2022,7/1/2022,1/30/2022,11/7/2022
Elinore Domelaw,Elinore,5/10/2022,7/13/2022,8/14/2022,7/7/2022
Alisha Estcot,Alisha,12/6/2022,4/7/2022,10/24/2022,12/23/2022
Dori Gages,Dori,3/15/2022,4/27/2022,12/26/2022,7/5/2022
Donn Heningham,Donn,5/5/2022,1/9/2022,6/23/2022,12/15/2022
Mei McAlindon,Mei,5/27/2022,7/2/2022,10/30/2022,7/2/2022
Rudd Karchewski,Rudd,8/22/2022,5/15/2022,11/15/2022,5/26/2022
Launce Badrock,Launce,2/19/2022,8/14/2022,3/21/2022,5/27/2022
Alvira Searson,Alvira,8/30/2022,8/14/2022,12/4/2022,1/9/2022
Katheryn Agius,Katheryn,10/26/2022,11/19/2022,10/5/2022,3/9/2022
Mahmoud Carlsen,Mahmoud,4/18/2022,5/28/2022,4/27/2022,10/2/2022
Raquela Skellorne,Raquela,1/6/2022,8/30/2022,10/13/2022,10/19/2022
Bari Wyllcocks,Bari,10/23/2022,12/24/2022,7/13/2022,6/24/2022
Sheffield Yewdale,Sheffield,8/20/2022,1/8/2022,8/27/2022,5/23/2022
Laurel Busch,Laurel,8/16/2022,5/14/2022,6/9/2022,8/22/2022
Monika Waylett,Monika,8/3/2022,3/31/2022,4/19/2022,4/19/2022
Allard Inglesfield,Allard,4/10/2022,7/31/2022,7/9/2022,3/12/2022
Alis Dollman,Alis,11/5/2022,1/15/2022,2/6/2022,5/26/2022
Cloe Count,Cloe,8/23/2022,9/5/2022,10/13/2022,7/12/2022
Byrann Bockman,Byrann,3/17/2022,11/1/2022,7/1/2022,9/9/2022
Christean Kuhn,Christean,9/8/2022,11/25/2022,7/9/2022,8/16/2022
Poul Van den Velden,Poul,11/29/2022,6/9/2022,7/18/2022,1/16/2022
Mona Duprey,Mona,2/7/2022,7/12/2022,2/4/2022,9/8/2022
Celinda Grzegorecki,Celinda,3/17/2022,7/11/2022,10/14/2022,3/8/2022
Town Haldin,Town,6/20/2022,11/3/2022,8/19/2022,6/11/2022
Shirl Summerlie,Shirl,6/23/2022,7/11/2022,3/1/2022,2/22/2022
Nicki MacTrustrie,Nicki,7/8/2022,3/6/2022,12/11/2022,6/3/2022
Louis Leaning,Louis,8/17/2022,3/21/2022,1/2/2023,2/4/2022
Helge McPhelimey,Helge,2/9/2022,12/11/2022,10/26/2022,11/16/2022
Briana Kibard,Briana,7/25/2022,2/24/2022,12/20/2022,2/17/2022
Lucius Fetherstone,Lucius,5/28/2022,8/31/2022,6/30/2022,11/6/2022
Karie Rosengarten,Karie,12/8/2022,5/25/2022,9/17/2022,4/10/2022
Cly Chrestien,Cly,2/3/2022,10/30/2022,1/31/2022,2/25/2022
Marji Storch,Marji,11/19/2022,10/24/2022,3/3/2022,2/4/2022
Geneva Deason,Geneva,9/5/2022,5/18/2022,8/19/2022,2/6/2022
Carmina McCuthais,Carmina,8/21/2022,1/28/2022,8/9/2022,8/23/2022
Tannie Boobier,Tannie,5/21/2022,11/10/2022,10/10/2022,6/10/2022
Manon Shingles,Manon,12/6/2022,5/11/2022,12/19/2022,9/17/2022
Vail Lowdwell,Vail,12/31/2022,3/29/2022,10/3/2022,3/29/2022
Sallie Wycliff,Sallie,4/6/2022,12/22/2022,3/3/2022,4/2/2022
Kylila Muirden,Kylila,10/31/2022,12/25/2022,7/21/2022,1/23/2022
Luise Kelsow,Luise,10/13/2022,1/13/2022,5/10/2022,11/9/2022
Ancell Easby,Ancell,6/10/2022,2/17/2022,5/2/2022,4/29/2022
Nerte Petracci,Nerte,9/1/2022,10/29/2022,4/6/2022,2/14/2022
Oralla Mackney,Oralla,10/3/2022,3/23/2022,5/29/2022,1/23/2022
Fiona Friedlos,Fiona,4/30/2022,1/16/2022,9/6/2022,12/3/2022
Valera Muselli,Valera,4/30/2022,3/31/2022,7/30/2022,5/28/2022
Budd Ornils,Budd,2/4/2022,12/7/2022,3/26/2022,12/28/2022
Prudy Josh,Prudy,4/8/2022,12/14/2022,8/14/2022,9/21/2022
Galina Berends,Galina,4/23/2022,6/9/2022,9/5/2022,7/25/2022
Ileane Treeby,Ileane,9/7/2022,1/15/2022,3/31/2022,5/30/2022
Ancell Ingerson,Ancell,1/5/2023,1/16/2022,6/15/2022,8/2/2022
Nigel Cocklie,Nigel,7/26/2022,9/6/2022,3/6/2022,9/26/2022
Cosmo Wild,Cosmo,12/29/2022,4/14/2022,1/7/2022,1/10/2022
David Roy,David,12/19/2022,3/10/2022,5/22/2022,3/8/2022
Diarmid Swayne,Diarmid,11/15/2022,5/13/2022,5/23/2022,3/3/2022
Tad Beton,Tad,8/20/2022,12/10/2022,5/7/2022,3/5/2022
Violetta Saxton,Violetta,8/23/2022,11/2/2022,6/23/2022,4/21/2022
Marley Pottell,Marley,11/11/2022,11/16/2022,1/31/2022,6/25/2022
Auria Richmont,Auria,3/17/2022,1/27/2022,5/8/2022,10/31/2022
Patty Clulow,Patty,7/26/2022,10/31/2022,11/26/2022,8/4/2022
Lou Harriday,Lou,4/10/2022,6/30/2022,7/18/2022,8/30/2022
Laure Poff,Laure,12/10/2022,9/13/2022,12/3/2022,2/6/2022
Hollyanne Withringten,Hollyanne,12/25/2022,9/1/2022,10/31/2022,9/18/2022
Joyce Bing,Joyce,4/25/2022,12/9/2022,7/30/2022,7/21/2022
Vally Berrow,Vally,3/24/2022,7/16/2022,11/17/2022,11/28/2022
Duky Dugood,Duky,12/6/2022,2/26/2022,4/25/2022,11/15/2022
Nariko Scrogges,Nariko,4/12/2022,12/18/2022,3/16/2022,5/26/2022
Shana Macbeth,Shana,10/19/2022,9/29/2022,9/17/2022,1/28/2022
Augustus Braycotton,Augustus,11/8/2022,5/17/2022,8/10/2022,7/12/2022
Fae Paulon,Fae,6/20/2022,11/21/2022,7/20/2022,2/28/2022
Arney Mattusevich,Arney,5/16/2022,7/23/2022,1/30/2022,10/15/2022
Dur Kiehnlt,Dur,11/10/2022,12/15/2022,5/30/2022,7/11/2022
Melinda McJerrow,Melinda,6/22/2022,9/7/2022,5/23/2022,2/23/2022
Dalt Truscott,Dalt,11/23/2022,1/24/2022,12/3/2022,6/17/2022
Jolyn Sherwyn,Jolyn,11/1/2022,7/30/2022,9/18/2022,7/24/2022
Merralee Gornal,Merralee,10/16/2022,9/8/2022,3/2/2022,1/12/2022
Nettie Currington,Nettie,7/8/2022,8/15/2022,11/21/2022,5/7/2022
